sentiment,tweet
default,https://t.co/dIZdIR5BZM Thoughts? #CowboysNation
default,@brenchong Google Play
default,* The HCMG 2017 Benchmark Study Infographic - Report Download https://t.co/GcFBCbIeA4 | @CornerstoneInc Recruit
default,RT @m0E_tv: Why not Follow and Rt to enter Stat Trak Kara Doppler FN giveaway. This pic is from google so relax. Winner will be announced i‚Ä¶
default,Google paid its self-driving car boss $120 million ‚Äî and then he left for Uber ... https://t.co/p0TCPUy51G #autonomousCar #selfDrivingCar
default,@brenchong GOOGLE PLAY PLIIIS
default,Google translate: not for Latin.  Is this an example of vox nihili? https://t.co/XKLuBFk608
default,@brenchong Google play
default,"RT @danielgross: We want to democratize AI dev by providing datasets to startups, starting with medical data. Tell us what you need: https:‚Ä¶"
default,San Clemente: Larvitar ‚ôÇ 73.3% (11/10/12 - Bite/Crunch - s:normal) til 17:29:29(29m 30s). https://t.co/onpHDS2o5v
default,Mareep 33.3% IV(4/2/9) with Thunder Shock &amp; Thunderbolt by Castlewood til: 08:28:42pm (29m 14s). https://t.co/BO1KCOnpwK
default,Dratini IV: 91.1% (13/14/14). Iron Tail/Twister. CP: 455 Expires: 20:29:22 (29m 24s). https://t.co/HXfENY9ECI
default,"RT @Irish_Ulster: December 1975, so-called loyal British Unionist UDA terrorists bombed Biddy Mulligan pub, London, England https://t.co/Sv‚Ä¶"
default,"[Northwest Raleigh] 96% Gligar ‚ôÇ (15/15/13, Fury Cutter/Dig) 'til 08:28:45pm (28m 4s). https://t.co/diwefBYjwZ"
default,A wild Aipom has appeared! Available until 17:29:52 (29m 55s). https://t.co/gB3nkrRUnV
default,"Hashtags trending now in Greece: #survivorgr, #olaksekolla, #twitter, #google and #facebook &gt; https://t.co/jt8kEUHk6U"
default,STP: #147 Dratini 33.3% at 524-576 Shepard Rd. Expire at 19:27:43 (27m 46s). https://t.co/htk1GnKoYf
default,How to Install #Apk files on Android/PC (Without Google Play Store App) https://t.co/BS3pQroFKK #android #apk #download
default,The Importance of Online Reputation Management https://t.co/KY5qKnTdvG &lt;--- Read  #Reputation #SEO #SMM #Google #ORM https://t.co/vfu8p4st85
default,@brenchong Google Play
default,Mariners Point: Typhlosion ‚ôÇ 33.3% (3/6/6 - Shadow Claw/Overheat - s:normal) til 17:29:15(29m 19s). https://t.co/8dShgb6i8D
default,@brenchong Google play!üòÄ Thanks for the giveaway
default,Google Search Appliance Migration is fully managed with SearchBlox https://t.co/smTakp5cZo
default,RT @mmpadellan: Almost a dozen sponsors are JERKING their ads from Fox jerkmaster Bill O'Reilly. WOO HOO!!! #TuesdayMotivation https://t.co‚Ä¶
default,"RT @earthquakesLA: A 1.6 magnitude earthquake occurred 6.84mi WNW of Corona, CA. Details: https://t.co/6SV4Zlz7Zw Map: https://t.co/JBdrLBC‚Ä¶"
default,#ShootyForce next update with #Thor and more #android #GameDev #indiedev  #indiegame #Gamer #PlayNow for #Free‚Ä¶ https://t.co/7KUAxSx0TE
default,Researchers use a pair of robotics platforms in hopes of developing drought resistant crops https://t.co/tkk8U6GDhH https://t.co/613uHshkgl
default,"RT @ChelseaClinton: 3 years ago, Obama introduced more protections for women in the workplace. Last week Trump removed them #EqualPayDay ht‚Ä¶"
default,"Victreebel - 07:29:32pm (29m 39s). 
Acid / Leaf Blade 
71.1% (15/10/7).
Meadowbrook/Japan House
https://t.co/rLdf7T5cWI"
default,Latest WikiLeaks dump exposes CIA methods to mask malware - CSO Online https://t.co/M2o3kXlSk3 #G
default,Part Four of Political Stories https://t.co/guUuyzgR5a
default,#RADIO #80s #juice Now Playing #Love Changes (Everything) #Climie Fisher #APPS Apple https://t.co/yzl3JCk5xu Google https://t.co/V6aN6Da2dZ
default,"RT @rulajebreal: We ask how the world could have allowed the horrors of the Holocaust.¬†In Syria, we have found the answer. My take: https:/‚Ä¶"
default,@brenchong Google play
default,"RT @ZaynReport: #StillGotTime üî•

Discover it on Shazam: https://t.co/EDbTsgHCzW
Request it on Mediabase: https://t.co/34vLF0sAm5 https://t.‚Ä¶"
default,Heracross 91.1 unknown unknown Available until 08:28:09pm (28m 25s) &lt;city&gt;. https://t.co/eeRajPyf1V
default,RT @CruveDick: Vaulty https://t.co/mG0r8PFb1s https://t.co/6LkVijmmTg
default,@brenchong Google playstore
default,Drive android app is now available at wanky repository. https://t.co/tZudJ4E6uU
default,A 100.0% Rattata has appeared! Available until 00:28:39 (28m 55s). https://t.co/74Nqr8v7N8
default,(Levittown)Ursaring‚ôÄ 17.8% 3/0/5 Metal Claw/Hyper Beam Expires: 08:29:21pm (29m 47s). https://t.co/BEzwkdcCLA
default,"This is the best free bible app I've had
Android- https://t.co/Rv2m6oWgs4
Apple- https://t.co/FMHOTfn7LR"
default,"@emilycmulligan buy your zaatar, sumac and olive oil here

https://t.co/RBWCeyYTfe"
default,"RT @ZaynReport: RT to vote for #Zayn &amp; #TaylorSwift ‚ÄúI Don‚Äôt Wanna Live Forever‚Äù #Mashup @radiodisney 

Submit up to 100 votes here: https:‚Ä¶"
default,STP: #40 Wigglytuff ?% at 120 Wabasha St S. Expire at 19:56:24 (56m 37s). https://t.co/EmRrPsKvfx
default,"44% Dratini at 7353-7697 S Marine Ave,Los Angeles,CA until 17:28:44 (28m 57s) #westsidespawns https://t.co/GRtUiulTPB"
default,"RT @GioCRoyale: 10$ Google Play Gift Card Giveaway!
To enter: Must follow and Retweet
Winner will be announced Thursday April 6
Thx for the‚Ä¶"
default,RT @m0E_tv: Why not Follow and Rt to enter Stat Trak Kara Doppler FN giveaway. This pic is from google so relax. Winner will be announced i‚Ä¶
default,"It wasn't just The Star. Every news outlet pretty much. https://t.co/UFhl73keBz 
https://t.co/iojJzhM27n https://t.co/wblVPjmU0w"
default,"RT @WarrenWhitlock: Google's AI Can Now Translate Between Languages It Wasn't Taught to Translate
https://t.co/TQlsdJETW5
#ochen #tranlatio‚Ä¶"
